<?xml version="1.0" encoding="UTF-8"?><?xml-stylesheet type='text/xsl' href='_UpgradeReport_Files/UpgradeReport.xslt'?><UpgradeLog>
<Properties><Property Name="Solution" Value="Demo_DataBinding">
</Property><Property Name="Solution File" Value="D:\Training Tools\Training Tools - dotNet 3.5\Code Samples\WPF\Demo_DataBinding\Demo_DataBinding.sln">
</Property><Property Name="User Options File" Value="D:\Training Tools\Training Tools - dotNet 3.5\Code Samples\WPF\Demo_DataBinding\Demo_DataBinding.suo">
</Property><Property Name="Date" Value="08 December 2011">
</Property><Property Name="Time" Value="PM 19:44">
</Property></Properties><Event ErrorLevel="0" Project="" Source="Demo_DataBinding.sln" Description="File successfully backed up as D:\Training Tools\Training Tools - dotNet 3.5\Code Samples\WPF\Demo_DataBinding\Backup\Demo_DataBinding.sln">
</Event><Event ErrorLevel="0" Project="" Source="Demo_DataBinding.suo" Description="File successfully backed up as D:\Training Tools\Training Tools - dotNet 3.5\Code Samples\WPF\Demo_DataBinding\Backup\Demo_DataBinding.suo">
</Event><Event ErrorLevel="0" Project="03-OneWayDataBinding" Source="OneWayDataBinding\03-OneWayDataBinding.csproj" Description="Project file successfully backed up as D:\Training Tools\Training Tools - dotNet 3.5\Code Samples\WPF\Demo_DataBinding\Backup\OneWayDataBinding\03-OneWayDataBinding.csproj">
</Event><Event ErrorLevel="0" Project="03-OneWayDataBinding" Source="OneWayDataBinding\App.xaml.cs" Description="File successfully backed up as D:\Training Tools\Training Tools - dotNet 3.5\Code Samples\WPF\Demo_DataBinding\Backup\OneWayDataBinding\App.xaml.cs">
</Event><Event ErrorLevel="0" Project="03-OneWayDataBinding" Source="OneWayDataBinding\Window1.xaml.cs" Description="File successfully backed up as D:\Training Tools\Training Tools - dotNet 3.5\Code Samples\WPF\Demo_DataBinding\Backup\OneWayDataBinding\Window1.xaml.cs">
</Event><Event ErrorLevel="0" Project="03-OneWayDataBinding" Source="OneWayDataBinding\Properties\AssemblyInfo.cs" Description="File successfully backed up as D:\Training Tools\Training Tools - dotNet 3.5\Code Samples\WPF\Demo_DataBinding\Backup\OneWayDataBinding\Properties\AssemblyInfo.cs">
</Event><Event ErrorLevel="0" Project="03-OneWayDataBinding" Source="OneWayDataBinding\Properties\Resources.Designer.cs" Description="File successfully backed up as D:\Training Tools\Training Tools - dotNet 3.5\Code Samples\WPF\Demo_DataBinding\Backup\OneWayDataBinding\Properties\Resources.Designer.cs">
</Event><Event ErrorLevel="0" Project="03-OneWayDataBinding" Source="OneWayDataBinding\Properties\Settings.Designer.cs" Description="File successfully backed up as D:\Training Tools\Training Tools - dotNet 3.5\Code Samples\WPF\Demo_DataBinding\Backup\OneWayDataBinding\Properties\Settings.Designer.cs">
</Event><Event ErrorLevel="0" Project="03-OneWayDataBinding" Source="OneWayDataBinding\Properties\Settings.settings" Description="File successfully backed up as D:\Training Tools\Training Tools - dotNet 3.5\Code Samples\WPF\Demo_DataBinding\Backup\OneWayDataBinding\Properties\Settings.settings">
</Event><Event ErrorLevel="0" Project="03-OneWayDataBinding" Source="OneWayDataBinding\Properties\Resources.resx" Description="File successfully backed up as D:\Training Tools\Training Tools - dotNet 3.5\Code Samples\WPF\Demo_DataBinding\Backup\OneWayDataBinding\Properties\Resources.resx">
</Event><Event ErrorLevel="0" Project="03-OneWayDataBinding" Source="OneWayDataBinding\App.xaml" Description="File successfully backed up as D:\Training Tools\Training Tools - dotNet 3.5\Code Samples\WPF\Demo_DataBinding\Backup\OneWayDataBinding\App.xaml">
</Event><Event ErrorLevel="0" Project="03-OneWayDataBinding" Source="OneWayDataBinding\Window1.xaml" Description="File successfully backed up as D:\Training Tools\Training Tools - dotNet 3.5\Code Samples\WPF\Demo_DataBinding\Backup\OneWayDataBinding\Window1.xaml">
</Event><Event ErrorLevel="0" Project="03-OneWayDataBinding" Source="OneWayDataBinding\03-OneWayDataBinding.csproj" Description="Project converted successfully">
</Event><Event ErrorLevel="3" Project="03-OneWayDataBinding" Source="OneWayDataBinding\03-OneWayDataBinding.csproj" Description="Converted">
</Event><Event ErrorLevel="0" Project="04-TwoWayDataBinding" Source="TwoWayDataBinding\04-TwoWayDataBinding.csproj" Description="Project file successfully backed up as D:\Training Tools\Training Tools - dotNet 3.5\Code Samples\WPF\Demo_DataBinding\Backup\TwoWayDataBinding\04-TwoWayDataBinding.csproj">
</Event><Event ErrorLevel="0" Project="04-TwoWayDataBinding" Source="TwoWayDataBinding\App.xaml.cs" Description="File successfully backed up as D:\Training Tools\Training Tools - dotNet 3.5\Code Samples\WPF\Demo_DataBinding\Backup\TwoWayDataBinding\App.xaml.cs">
</Event><Event ErrorLevel="0" Project="04-TwoWayDataBinding" Source="TwoWayDataBinding\Window1.xaml.cs" Description="File successfully backed up as D:\Training Tools\Training Tools - dotNet 3.5\Code Samples\WPF\Demo_DataBinding\Backup\TwoWayDataBinding\Window1.xaml.cs">
</Event><Event ErrorLevel="0" Project="04-TwoWayDataBinding" Source="TwoWayDataBinding\Properties\AssemblyInfo.cs" Description="File successfully backed up as D:\Training Tools\Training Tools - dotNet 3.5\Code Samples\WPF\Demo_DataBinding\Backup\TwoWayDataBinding\Properties\AssemblyInfo.cs">
</Event><Event ErrorLevel="0" Project="04-TwoWayDataBinding" Source="TwoWayDataBinding\Properties\Resources.Designer.cs" Description="File successfully backed up as D:\Training Tools\Training Tools - dotNet 3.5\Code Samples\WPF\Demo_DataBinding\Backup\TwoWayDataBinding\Properties\Resources.Designer.cs">
</Event><Event ErrorLevel="0" Project="04-TwoWayDataBinding" Source="TwoWayDataBinding\Properties\Settings.Designer.cs" Description="File successfully backed up as D:\Training Tools\Training Tools - dotNet 3.5\Code Samples\WPF\Demo_DataBinding\Backup\TwoWayDataBinding\Properties\Settings.Designer.cs">
</Event><Event ErrorLevel="0" Project="04-TwoWayDataBinding" Source="TwoWayDataBinding\Properties\Settings.settings" Description="File successfully backed up as D:\Training Tools\Training Tools - dotNet 3.5\Code Samples\WPF\Demo_DataBinding\Backup\TwoWayDataBinding\Properties\Settings.settings">
</Event><Event ErrorLevel="0" Project="04-TwoWayDataBinding" Source="TwoWayDataBinding\Properties\Resources.resx" Description="File successfully backed up as D:\Training Tools\Training Tools - dotNet 3.5\Code Samples\WPF\Demo_DataBinding\Backup\TwoWayDataBinding\Properties\Resources.resx">
</Event><Event ErrorLevel="0" Project="04-TwoWayDataBinding" Source="TwoWayDataBinding\App.xaml" Description="File successfully backed up as D:\Training Tools\Training Tools - dotNet 3.5\Code Samples\WPF\Demo_DataBinding\Backup\TwoWayDataBinding\App.xaml">
</Event><Event ErrorLevel="0" Project="04-TwoWayDataBinding" Source="TwoWayDataBinding\Window1.xaml" Description="File successfully backed up as D:\Training Tools\Training Tools - dotNet 3.5\Code Samples\WPF\Demo_DataBinding\Backup\TwoWayDataBinding\Window1.xaml">
</Event><Event ErrorLevel="0" Project="04-TwoWayDataBinding" Source="TwoWayDataBinding\04-TwoWayDataBinding.csproj" Description="Project converted successfully">
</Event><Event ErrorLevel="3" Project="04-TwoWayDataBinding" Source="TwoWayDataBinding\04-TwoWayDataBinding.csproj" Description="Converted">
</Event><Event ErrorLevel="0" Project="05-OneWayToSource" Source="OneWayToSource\05-OneWayToSource.csproj" Description="Project file successfully backed up as D:\Training Tools\Training Tools - dotNet 3.5\Code Samples\WPF\Demo_DataBinding\Backup\OneWayToSource\05-OneWayToSource.csproj">
</Event><Event ErrorLevel="0" Project="05-OneWayToSource" Source="OneWayToSource\App.xaml.cs" Description="File successfully backed up as D:\Training Tools\Training Tools - dotNet 3.5\Code Samples\WPF\Demo_DataBinding\Backup\OneWayToSource\App.xaml.cs">
</Event><Event ErrorLevel="0" Project="05-OneWayToSource" Source="OneWayToSource\Window1.xaml.cs" Description="File successfully backed up as D:\Training Tools\Training Tools - dotNet 3.5\Code Samples\WPF\Demo_DataBinding\Backup\OneWayToSource\Window1.xaml.cs">
</Event><Event ErrorLevel="0" Project="05-OneWayToSource" Source="OneWayToSource\Properties\AssemblyInfo.cs" Description="File successfully backed up as D:\Training Tools\Training Tools - dotNet 3.5\Code Samples\WPF\Demo_DataBinding\Backup\OneWayToSource\Properties\AssemblyInfo.cs">
</Event><Event ErrorLevel="0" Project="05-OneWayToSource" Source="OneWayToSource\Properties\Resources.Designer.cs" Description="File successfully backed up as D:\Training Tools\Training Tools - dotNet 3.5\Code Samples\WPF\Demo_DataBinding\Backup\OneWayToSource\Properties\Resources.Designer.cs">
</Event><Event ErrorLevel="0" Project="05-OneWayToSource" Source="OneWayToSource\Properties\Settings.Designer.cs" Description="File successfully backed up as D:\Training Tools\Training Tools - dotNet 3.5\Code Samples\WPF\Demo_DataBinding\Backup\OneWayToSource\Properties\Settings.Designer.cs">
</Event><Event ErrorLevel="0" Project="05-OneWayToSource" Source="OneWayToSource\Properties\Settings.settings" Description="File successfully backed up as D:\Training Tools\Training Tools - dotNet 3.5\Code Samples\WPF\Demo_DataBinding\Backup\OneWayToSource\Properties\Settings.settings">
</Event><Event ErrorLevel="0" Project="05-OneWayToSource" Source="OneWayToSource\Properties\Resources.resx" Description="File successfully backed up as D:\Training Tools\Training Tools - dotNet 3.5\Code Samples\WPF\Demo_DataBinding\Backup\OneWayToSource\Properties\Resources.resx">
</Event><Event ErrorLevel="0" Project="05-OneWayToSource" Source="OneWayToSource\App.xaml" Description="File successfully backed up as D:\Training Tools\Training Tools - dotNet 3.5\Code Samples\WPF\Demo_DataBinding\Backup\OneWayToSource\App.xaml">
</Event><Event ErrorLevel="0" Project="05-OneWayToSource" Source="OneWayToSource\Window1.xaml" Description="File successfully backed up as D:\Training Tools\Training Tools - dotNet 3.5\Code Samples\WPF\Demo_DataBinding\Backup\OneWayToSource\Window1.xaml">
</Event><Event ErrorLevel="0" Project="05-OneWayToSource" Source="OneWayToSource\05-OneWayToSource.csproj" Description="Project converted successfully">
</Event><Event ErrorLevel="3" Project="05-OneWayToSource" Source="OneWayToSource\05-OneWayToSource.csproj" Description="Converted">
</Event><Event ErrorLevel="0" Project="01-BindingInXAMLFile" Source="BindingInXAMLFile\01-BindingInXAMLFile.csproj" Description="Project file successfully backed up as D:\Training Tools\Training Tools - dotNet 3.5\Code Samples\WPF\Demo_DataBinding\Backup\BindingInXAMLFile\01-BindingInXAMLFile.csproj">
</Event><Event ErrorLevel="0" Project="01-BindingInXAMLFile" Source="BindingInXAMLFile\App.xaml.cs" Description="File successfully backed up as D:\Training Tools\Training Tools - dotNet 3.5\Code Samples\WPF\Demo_DataBinding\Backup\BindingInXAMLFile\App.xaml.cs">
</Event><Event ErrorLevel="0" Project="01-BindingInXAMLFile" Source="BindingInXAMLFile\Window1.xaml.cs" Description="File successfully backed up as D:\Training Tools\Training Tools - dotNet 3.5\Code Samples\WPF\Demo_DataBinding\Backup\BindingInXAMLFile\Window1.xaml.cs">
</Event><Event ErrorLevel="0" Project="01-BindingInXAMLFile" Source="BindingInXAMLFile\Properties\AssemblyInfo.cs" Description="File successfully backed up as D:\Training Tools\Training Tools - dotNet 3.5\Code Samples\WPF\Demo_DataBinding\Backup\BindingInXAMLFile\Properties\AssemblyInfo.cs">
</Event><Event ErrorLevel="0" Project="01-BindingInXAMLFile" Source="BindingInXAMLFile\Properties\Resources.Designer.cs" Description="File successfully backed up as D:\Training Tools\Training Tools - dotNet 3.5\Code Samples\WPF\Demo_DataBinding\Backup\BindingInXAMLFile\Properties\Resources.Designer.cs">
</Event><Event ErrorLevel="0" Project="01-BindingInXAMLFile" Source="BindingInXAMLFile\Properties\Settings.Designer.cs" Description="File successfully backed up as D:\Training Tools\Training Tools - dotNet 3.5\Code Samples\WPF\Demo_DataBinding\Backup\BindingInXAMLFile\Properties\Settings.Designer.cs">
</Event><Event ErrorLevel="0" Project="01-BindingInXAMLFile" Source="BindingInXAMLFile\Properties\Settings.settings" Description="File successfully backed up as D:\Training Tools\Training Tools - dotNet 3.5\Code Samples\WPF\Demo_DataBinding\Backup\BindingInXAMLFile\Properties\Settings.settings">
</Event><Event ErrorLevel="0" Project="01-BindingInXAMLFile" Source="BindingInXAMLFile\Properties\Resources.resx" Description="File successfully backed up as D:\Training Tools\Training Tools - dotNet 3.5\Code Samples\WPF\Demo_DataBinding\Backup\BindingInXAMLFile\Properties\Resources.resx">
</Event><Event ErrorLevel="0" Project="01-BindingInXAMLFile" Source="BindingInXAMLFile\App.xaml" Description="File successfully backed up as D:\Training Tools\Training Tools - dotNet 3.5\Code Samples\WPF\Demo_DataBinding\Backup\BindingInXAMLFile\App.xaml">
</Event><Event ErrorLevel="0" Project="01-BindingInXAMLFile" Source="BindingInXAMLFile\Window1.xaml" Description="File successfully backed up as D:\Training Tools\Training Tools - dotNet 3.5\Code Samples\WPF\Demo_DataBinding\Backup\BindingInXAMLFile\Window1.xaml">
</Event><Event ErrorLevel="0" Project="01-BindingInXAMLFile" Source="BindingInXAMLFile\01-BindingInXAMLFile.csproj" Description="Project converted successfully">
</Event><Event ErrorLevel="3" Project="01-BindingInXAMLFile" Source="BindingInXAMLFile\01-BindingInXAMLFile.csproj" Description="Converted">
</Event><Event ErrorLevel="0" Project="02-BindingProgramaticaly" Source="BindingProgramaticaly\02-BindingProgramaticaly.csproj" Description="Project file successfully backed up as D:\Training Tools\Training Tools - dotNet 3.5\Code Samples\WPF\Demo_DataBinding\Backup\BindingProgramaticaly\02-BindingProgramaticaly.csproj">
</Event><Event ErrorLevel="0" Project="02-BindingProgramaticaly" Source="BindingProgramaticaly\App.xaml.cs" Description="File successfully backed up as D:\Training Tools\Training Tools - dotNet 3.5\Code Samples\WPF\Demo_DataBinding\Backup\BindingProgramaticaly\App.xaml.cs">
</Event><Event ErrorLevel="0" Project="02-BindingProgramaticaly" Source="BindingProgramaticaly\Window1.xaml.cs" Description="File successfully backed up as D:\Training Tools\Training Tools - dotNet 3.5\Code Samples\WPF\Demo_DataBinding\Backup\BindingProgramaticaly\Window1.xaml.cs">
</Event><Event ErrorLevel="0" Project="02-BindingProgramaticaly" Source="BindingProgramaticaly\Properties\AssemblyInfo.cs" Description="File successfully backed up as D:\Training Tools\Training Tools - dotNet 3.5\Code Samples\WPF\Demo_DataBinding\Backup\BindingProgramaticaly\Properties\AssemblyInfo.cs">
</Event><Event ErrorLevel="0" Project="02-BindingProgramaticaly" Source="BindingProgramaticaly\Properties\Resources.Designer.cs" Description="File successfully backed up as D:\Training Tools\Training Tools - dotNet 3.5\Code Samples\WPF\Demo_DataBinding\Backup\BindingProgramaticaly\Properties\Resources.Designer.cs">
</Event><Event ErrorLevel="0" Project="02-BindingProgramaticaly" Source="BindingProgramaticaly\Properties\Settings.Designer.cs" Description="File successfully backed up as D:\Training Tools\Training Tools - dotNet 3.5\Code Samples\WPF\Demo_DataBinding\Backup\BindingProgramaticaly\Properties\Settings.Designer.cs">
</Event><Event ErrorLevel="0" Project="02-BindingProgramaticaly" Source="BindingProgramaticaly\Properties\Settings.settings" Description="File successfully backed up as D:\Training Tools\Training Tools - dotNet 3.5\Code Samples\WPF\Demo_DataBinding\Backup\BindingProgramaticaly\Properties\Settings.settings">
</Event><Event ErrorLevel="0" Project="02-BindingProgramaticaly" Source="BindingProgramaticaly\Properties\Resources.resx" Description="File successfully backed up as D:\Training Tools\Training Tools - dotNet 3.5\Code Samples\WPF\Demo_DataBinding\Backup\BindingProgramaticaly\Properties\Resources.resx">
</Event><Event ErrorLevel="0" Project="02-BindingProgramaticaly" Source="BindingProgramaticaly\App.xaml" Description="File successfully backed up as D:\Training Tools\Training Tools - dotNet 3.5\Code Samples\WPF\Demo_DataBinding\Backup\BindingProgramaticaly\App.xaml">
</Event><Event ErrorLevel="0" Project="02-BindingProgramaticaly" Source="BindingProgramaticaly\Window1.xaml" Description="File successfully backed up as D:\Training Tools\Training Tools - dotNet 3.5\Code Samples\WPF\Demo_DataBinding\Backup\BindingProgramaticaly\Window1.xaml">
</Event><Event ErrorLevel="0" Project="02-BindingProgramaticaly" Source="BindingProgramaticaly\02-BindingProgramaticaly.csproj" Description="Project converted successfully">
</Event><Event ErrorLevel="3" Project="02-BindingProgramaticaly" Source="BindingProgramaticaly\02-BindingProgramaticaly.csproj" Description="Converted">
</Event><Event ErrorLevel="0" Project="06-BindingToObject" Source="BindingToObject\06-BindingToObject.csproj" Description="Project file successfully backed up as D:\Training Tools\Training Tools - dotNet 3.5\Code Samples\WPF\Demo_DataBinding\Backup\BindingToObject\06-BindingToObject.csproj">
</Event><Event ErrorLevel="0" Project="06-BindingToObject" Source="BindingToObject\App.xaml.cs" Description="File successfully backed up as D:\Training Tools\Training Tools - dotNet 3.5\Code Samples\WPF\Demo_DataBinding\Backup\BindingToObject\App.xaml.cs">
</Event><Event ErrorLevel="0" Project="06-BindingToObject" Source="BindingToObject\Window1.xaml.cs" Description="File successfully backed up as D:\Training Tools\Training Tools - dotNet 3.5\Code Samples\WPF\Demo_DataBinding\Backup\BindingToObject\Window1.xaml.cs">
</Event><Event ErrorLevel="0" Project="06-BindingToObject" Source="BindingToObject\Person.cs" Description="File successfully backed up as D:\Training Tools\Training Tools - dotNet 3.5\Code Samples\WPF\Demo_DataBinding\Backup\BindingToObject\Person.cs">
</Event><Event ErrorLevel="0" Project="06-BindingToObject" Source="BindingToObject\Properties\AssemblyInfo.cs" Description="File successfully backed up as D:\Training Tools\Training Tools - dotNet 3.5\Code Samples\WPF\Demo_DataBinding\Backup\BindingToObject\Properties\AssemblyInfo.cs">
</Event><Event ErrorLevel="0" Project="06-BindingToObject" Source="BindingToObject\Properties\Resources.Designer.cs" Description="File successfully backed up as D:\Training Tools\Training Tools - dotNet 3.5\Code Samples\WPF\Demo_DataBinding\Backup\BindingToObject\Properties\Resources.Designer.cs">
</Event><Event ErrorLevel="0" Project="06-BindingToObject" Source="BindingToObject\Properties\Settings.Designer.cs" Description="File successfully backed up as D:\Training Tools\Training Tools - dotNet 3.5\Code Samples\WPF\Demo_DataBinding\Backup\BindingToObject\Properties\Settings.Designer.cs">
</Event><Event ErrorLevel="0" Project="06-BindingToObject" Source="BindingToObject\Properties\Settings.settings" Description="File successfully backed up as D:\Training Tools\Training Tools - dotNet 3.5\Code Samples\WPF\Demo_DataBinding\Backup\BindingToObject\Properties\Settings.settings">
</Event><Event ErrorLevel="0" Project="06-BindingToObject" Source="BindingToObject\Properties\Resources.resx" Description="File successfully backed up as D:\Training Tools\Training Tools - dotNet 3.5\Code Samples\WPF\Demo_DataBinding\Backup\BindingToObject\Properties\Resources.resx">
</Event><Event ErrorLevel="0" Project="06-BindingToObject" Source="BindingToObject\App.xaml" Description="File successfully backed up as D:\Training Tools\Training Tools - dotNet 3.5\Code Samples\WPF\Demo_DataBinding\Backup\BindingToObject\App.xaml">
</Event><Event ErrorLevel="0" Project="06-BindingToObject" Source="BindingToObject\Window1.xaml" Description="File successfully backed up as D:\Training Tools\Training Tools - dotNet 3.5\Code Samples\WPF\Demo_DataBinding\Backup\BindingToObject\Window1.xaml">
</Event><Event ErrorLevel="0" Project="06-BindingToObject" Source="BindingToObject\06-BindingToObject.csproj" Description="Project converted successfully">
</Event><Event ErrorLevel="3" Project="06-BindingToObject" Source="BindingToObject\06-BindingToObject.csproj" Description="Converted">
</Event><Event ErrorLevel="0" Project="09-BindingToDataBase" Source="BindingToDataBase\09-BindingToDataBase.csproj" Description="Project file successfully backed up as D:\Training Tools\Training Tools - dotNet 3.5\Code Samples\WPF\Demo_DataBinding\Backup\BindingToDataBase\09-BindingToDataBase.csproj">
</Event><Event ErrorLevel="0" Project="09-BindingToDataBase" Source="BindingToDataBase\App.xaml.cs" Description="File successfully backed up as D:\Training Tools\Training Tools - dotNet 3.5\Code Samples\WPF\Demo_DataBinding\Backup\BindingToDataBase\App.xaml.cs">
</Event><Event ErrorLevel="0" Project="09-BindingToDataBase" Source="BindingToDataBase\Window1.xaml.cs" Description="File successfully backed up as D:\Training Tools\Training Tools - dotNet 3.5\Code Samples\WPF\Demo_DataBinding\Backup\BindingToDataBase\Window1.xaml.cs">
</Event><Event ErrorLevel="0" Project="09-BindingToDataBase" Source="BindingToDataBase\Northwind.designer.cs" Description="File successfully backed up as D:\Training Tools\Training Tools - dotNet 3.5\Code Samples\WPF\Demo_DataBinding\Backup\BindingToDataBase\Northwind.designer.cs">
</Event><Event ErrorLevel="0" Project="09-BindingToDataBase" Source="BindingToDataBase\Properties\AssemblyInfo.cs" Description="File successfully backed up as D:\Training Tools\Training Tools - dotNet 3.5\Code Samples\WPF\Demo_DataBinding\Backup\BindingToDataBase\Properties\AssemblyInfo.cs">
</Event><Event ErrorLevel="0" Project="09-BindingToDataBase" Source="BindingToDataBase\Properties\Resources.Designer.cs" Description="File successfully backed up as D:\Training Tools\Training Tools - dotNet 3.5\Code Samples\WPF\Demo_DataBinding\Backup\BindingToDataBase\Properties\Resources.Designer.cs">
</Event><Event ErrorLevel="0" Project="09-BindingToDataBase" Source="BindingToDataBase\Properties\Settings.Designer.cs" Description="File successfully backed up as D:\Training Tools\Training Tools - dotNet 3.5\Code Samples\WPF\Demo_DataBinding\Backup\BindingToDataBase\Properties\Settings.Designer.cs">
</Event><Event ErrorLevel="0" Project="09-BindingToDataBase" Source="BindingToDataBase\app.config" Description="File successfully backed up as D:\Training Tools\Training Tools - dotNet 3.5\Code Samples\WPF\Demo_DataBinding\Backup\BindingToDataBase\app.config">
</Event><Event ErrorLevel="0" Project="09-BindingToDataBase" Source="BindingToDataBase\Northwind.dbml.layout" Description="File successfully backed up as D:\Training Tools\Training Tools - dotNet 3.5\Code Samples\WPF\Demo_DataBinding\Backup\BindingToDataBase\Northwind.dbml.layout">
</Event><Event ErrorLevel="0" Project="09-BindingToDataBase" Source="BindingToDataBase\Northwind.dbml" Description="File successfully backed up as D:\Training Tools\Training Tools - dotNet 3.5\Code Samples\WPF\Demo_DataBinding\Backup\BindingToDataBase\Northwind.dbml">
</Event><Event ErrorLevel="0" Project="09-BindingToDataBase" Source="BindingToDataBase\Properties\Settings.settings" Description="File successfully backed up as D:\Training Tools\Training Tools - dotNet 3.5\Code Samples\WPF\Demo_DataBinding\Backup\BindingToDataBase\Properties\Settings.settings">
</Event><Event ErrorLevel="0" Project="09-BindingToDataBase" Source="BindingToDataBase\Properties\Resources.resx" Description="File successfully backed up as D:\Training Tools\Training Tools - dotNet 3.5\Code Samples\WPF\Demo_DataBinding\Backup\BindingToDataBase\Properties\Resources.resx">
</Event><Event ErrorLevel="0" Project="09-BindingToDataBase" Source="BindingToDataBase\App.xaml" Description="File successfully backed up as D:\Training Tools\Training Tools - dotNet 3.5\Code Samples\WPF\Demo_DataBinding\Backup\BindingToDataBase\App.xaml">
</Event><Event ErrorLevel="0" Project="09-BindingToDataBase" Source="BindingToDataBase\Window1.xaml" Description="File successfully backed up as D:\Training Tools\Training Tools - dotNet 3.5\Code Samples\WPF\Demo_DataBinding\Backup\BindingToDataBase\Window1.xaml">
</Event><Event ErrorLevel="0" Project="09-BindingToDataBase" Source="BindingToDataBase\09-BindingToDataBase.csproj" Description="Project converted successfully">
</Event><Event ErrorLevel="3" Project="09-BindingToDataBase" Source="BindingToDataBase\09-BindingToDataBase.csproj" Description="Converted">
</Event><Event ErrorLevel="0" Project="07-DataTemplate" Source="DataTemplate\07-DataTemplate.csproj" Description="Project file successfully backed up as D:\Training Tools\Training Tools - dotNet 3.5\Code Samples\WPF\Demo_DataBinding\Backup\DataTemplate\07-DataTemplate.csproj">
</Event><Event ErrorLevel="0" Project="07-DataTemplate" Source="DataTemplate\App.xaml.cs" Description="File successfully backed up as D:\Training Tools\Training Tools - dotNet 3.5\Code Samples\WPF\Demo_DataBinding\Backup\DataTemplate\App.xaml.cs">
</Event><Event ErrorLevel="0" Project="07-DataTemplate" Source="DataTemplate\Window1.xaml.cs" Description="File successfully backed up as D:\Training Tools\Training Tools - dotNet 3.5\Code Samples\WPF\Demo_DataBinding\Backup\DataTemplate\Window1.xaml.cs">
</Event><Event ErrorLevel="0" Project="07-DataTemplate" Source="DataTemplate\Person.cs" Description="File successfully backed up as D:\Training Tools\Training Tools - dotNet 3.5\Code Samples\WPF\Demo_DataBinding\Backup\DataTemplate\Person.cs">
</Event><Event ErrorLevel="0" Project="07-DataTemplate" Source="DataTemplate\Properties\AssemblyInfo.cs" Description="File successfully backed up as D:\Training Tools\Training Tools - dotNet 3.5\Code Samples\WPF\Demo_DataBinding\Backup\DataTemplate\Properties\AssemblyInfo.cs">
</Event><Event ErrorLevel="0" Project="07-DataTemplate" Source="DataTemplate\Properties\Resources.Designer.cs" Description="File successfully backed up as D:\Training Tools\Training Tools - dotNet 3.5\Code Samples\WPF\Demo_DataBinding\Backup\DataTemplate\Properties\Resources.Designer.cs">
</Event><Event ErrorLevel="0" Project="07-DataTemplate" Source="DataTemplate\Properties\Settings.Designer.cs" Description="File successfully backed up as D:\Training Tools\Training Tools - dotNet 3.5\Code Samples\WPF\Demo_DataBinding\Backup\DataTemplate\Properties\Settings.Designer.cs">
</Event><Event ErrorLevel="0" Project="07-DataTemplate" Source="DataTemplate\Properties\Settings.settings" Description="File successfully backed up as D:\Training Tools\Training Tools - dotNet 3.5\Code Samples\WPF\Demo_DataBinding\Backup\DataTemplate\Properties\Settings.settings">
</Event><Event ErrorLevel="0" Project="07-DataTemplate" Source="DataTemplate\Properties\Resources.resx" Description="File successfully backed up as D:\Training Tools\Training Tools - dotNet 3.5\Code Samples\WPF\Demo_DataBinding\Backup\DataTemplate\Properties\Resources.resx">
</Event><Event ErrorLevel="0" Project="07-DataTemplate" Source="DataTemplate\App.xaml" Description="File successfully backed up as D:\Training Tools\Training Tools - dotNet 3.5\Code Samples\WPF\Demo_DataBinding\Backup\DataTemplate\App.xaml">
</Event><Event ErrorLevel="0" Project="07-DataTemplate" Source="DataTemplate\Window1.xaml" Description="File successfully backed up as D:\Training Tools\Training Tools - dotNet 3.5\Code Samples\WPF\Demo_DataBinding\Backup\DataTemplate\Window1.xaml">
</Event><Event ErrorLevel="0" Project="07-DataTemplate" Source="DataTemplate\07-DataTemplate.csproj" Description="Project converted successfully">
</Event><Event ErrorLevel="3" Project="07-DataTemplate" Source="DataTemplate\07-DataTemplate.csproj" Description="Converted">
</Event><Event ErrorLevel="0" Project="08-XmlDataBindingEmployees" Source="XmlDataBindingEmployees\08-XmlDataBindingEmployees.csproj" Description="Project file successfully backed up as D:\Training Tools\Training Tools - dotNet 3.5\Code Samples\WPF\Demo_DataBinding\Backup\XmlDataBindingEmployees\08-XmlDataBindingEmployees.csproj">
</Event><Event ErrorLevel="0" Project="08-XmlDataBindingEmployees" Source="XmlDataBindingEmployees\08-XmlDataBindingEmployees.csproj.user" Description="Project user file successfully backed up as D:\Training Tools\Training Tools - dotNet 3.5\Code Samples\WPF\Demo_DataBinding\Backup\XmlDataBindingEmployees\08-XmlDataBindingEmployees.csproj.user">
</Event><Event ErrorLevel="0" Project="08-XmlDataBindingEmployees" Source="XmlDataBindingEmployees\App.xaml.cs" Description="File successfully backed up as D:\Training Tools\Training Tools - dotNet 3.5\Code Samples\WPF\Demo_DataBinding\Backup\XmlDataBindingEmployees\App.xaml.cs">
</Event><Event ErrorLevel="0" Project="08-XmlDataBindingEmployees" Source="XmlDataBindingEmployees\Window1.xaml.cs" Description="File successfully backed up as D:\Training Tools\Training Tools - dotNet 3.5\Code Samples\WPF\Demo_DataBinding\Backup\XmlDataBindingEmployees\Window1.xaml.cs">
</Event><Event ErrorLevel="0" Project="08-XmlDataBindingEmployees" Source="XmlDataBindingEmployees\clsValueConverter.cs" Description="File successfully backed up as D:\Training Tools\Training Tools - dotNet 3.5\Code Samples\WPF\Demo_DataBinding\Backup\XmlDataBindingEmployees\clsValueConverter.cs">
</Event><Event ErrorLevel="0" Project="08-XmlDataBindingEmployees" Source="XmlDataBindingEmployees\frmObjectDataBinding.xaml.cs" Description="File successfully backed up as D:\Training Tools\Training Tools - dotNet 3.5\Code Samples\WPF\Demo_DataBinding\Backup\XmlDataBindingEmployees\frmObjectDataBinding.xaml.cs">
</Event><Event ErrorLevel="0" Project="08-XmlDataBindingEmployees" Source="XmlDataBindingEmployees\Properties\AssemblyInfo.cs" Description="File successfully backed up as D:\Training Tools\Training Tools - dotNet 3.5\Code Samples\WPF\Demo_DataBinding\Backup\XmlDataBindingEmployees\Properties\AssemblyInfo.cs">
</Event><Event ErrorLevel="0" Project="08-XmlDataBindingEmployees" Source="XmlDataBindingEmployees\Properties\Resources.Designer.cs" Description="File successfully backed up as D:\Training Tools\Training Tools - dotNet 3.5\Code Samples\WPF\Demo_DataBinding\Backup\XmlDataBindingEmployees\Properties\Resources.Designer.cs">
</Event><Event ErrorLevel="0" Project="08-XmlDataBindingEmployees" Source="XmlDataBindingEmployees\Properties\Settings.Designer.cs" Description="File successfully backed up as D:\Training Tools\Training Tools - dotNet 3.5\Code Samples\WPF\Demo_DataBinding\Backup\XmlDataBindingEmployees\Properties\Settings.Designer.cs">
</Event><Event ErrorLevel="0" Project="08-XmlDataBindingEmployees" Source="XmlDataBindingEmployees\Properties\Settings.settings" Description="File successfully backed up as D:\Training Tools\Training Tools - dotNet 3.5\Code Samples\WPF\Demo_DataBinding\Backup\XmlDataBindingEmployees\Properties\Settings.settings">
</Event><Event ErrorLevel="0" Project="08-XmlDataBindingEmployees" Source="XmlDataBindingEmployees\Properties\Resources.resx" Description="File successfully backed up as D:\Training Tools\Training Tools - dotNet 3.5\Code Samples\WPF\Demo_DataBinding\Backup\XmlDataBindingEmployees\Properties\Resources.resx">
</Event><Event ErrorLevel="0" Project="08-XmlDataBindingEmployees" Source="XmlDataBindingEmployees\App.xaml" Description="File successfully backed up as D:\Training Tools\Training Tools - dotNet 3.5\Code Samples\WPF\Demo_DataBinding\Backup\XmlDataBindingEmployees\App.xaml">
</Event><Event ErrorLevel="0" Project="08-XmlDataBindingEmployees" Source="XmlDataBindingEmployees\frmObjectDataBinding.xaml" Description="File successfully backed up as D:\Training Tools\Training Tools - dotNet 3.5\Code Samples\WPF\Demo_DataBinding\Backup\XmlDataBindingEmployees\frmObjectDataBinding.xaml">
</Event><Event ErrorLevel="0" Project="08-XmlDataBindingEmployees" Source="XmlDataBindingEmployees\Window1.xaml" Description="File successfully backed up as D:\Training Tools\Training Tools - dotNet 3.5\Code Samples\WPF\Demo_DataBinding\Backup\XmlDataBindingEmployees\Window1.xaml">
</Event><Event ErrorLevel="1" Project="08-XmlDataBindingEmployees" Source="XmlDataBindingEmployees\08-XmlDataBindingEmployees.csproj" Description="Your project is targeting .NET Framework 2.0 or 3.0. If your project uses assemblies requiring a newer .NET Framework, your project will fail to build. You can change the .NET Framework version by clicking Properties on the project menu and then selecting a new version in the '.NET Framework' dropdown box. (In Visual Basic, this is located on the Compile tab by clicking the 'Advanced Compiler Options...' button.)">
</Event><Event ErrorLevel="0" Project="08-XmlDataBindingEmployees" Source="XmlDataBindingEmployees\08-XmlDataBindingEmployees.csproj" Description="Project converted successfully">
</Event><Event ErrorLevel="3" Project="08-XmlDataBindingEmployees" Source="XmlDataBindingEmployees\08-XmlDataBindingEmployees.csproj" Description="Converted">
</Event><Event ErrorLevel="0" Project="10-ProcessMonitor" Source="10-ProcessMonitor\10-ProcessMonitor.csproj" Description="Project file successfully backed up as D:\Training Tools\Training Tools - dotNet 3.5\Code Samples\WPF\Demo_DataBinding\Backup\10-ProcessMonitor\10-ProcessMonitor.csproj">
</Event><Event ErrorLevel="0" Project="10-ProcessMonitor" Source="10-ProcessMonitor\App.xaml.cs" Description="File successfully backed up as D:\Training Tools\Training Tools - dotNet 3.5\Code Samples\WPF\Demo_DataBinding\Backup\10-ProcessMonitor\App.xaml.cs">
</Event><Event ErrorLevel="0" Project="10-ProcessMonitor" Source="10-ProcessMonitor\Window1.xaml.cs" Description="File successfully backed up as D:\Training Tools\Training Tools - dotNet 3.5\Code Samples\WPF\Demo_DataBinding\Backup\10-ProcessMonitor\Window1.xaml.cs">
</Event><Event ErrorLevel="0" Project="10-ProcessMonitor" Source="10-ProcessMonitor\Properties\AssemblyInfo.cs" Description="File successfully backed up as D:\Training Tools\Training Tools - dotNet 3.5\Code Samples\WPF\Demo_DataBinding\Backup\10-ProcessMonitor\Properties\AssemblyInfo.cs">
</Event><Event ErrorLevel="0" Project="10-ProcessMonitor" Source="10-ProcessMonitor\Properties\Resources.Designer.cs" Description="File successfully backed up as D:\Training Tools\Training Tools - dotNet 3.5\Code Samples\WPF\Demo_DataBinding\Backup\10-ProcessMonitor\Properties\Resources.Designer.cs">
</Event><Event ErrorLevel="0" Project="10-ProcessMonitor" Source="10-ProcessMonitor\Properties\Settings.Designer.cs" Description="File successfully backed up as D:\Training Tools\Training Tools - dotNet 3.5\Code Samples\WPF\Demo_DataBinding\Backup\10-ProcessMonitor\Properties\Settings.Designer.cs">
</Event><Event ErrorLevel="0" Project="10-ProcessMonitor" Source="10-ProcessMonitor\Properties\Settings.settings" Description="File successfully backed up as D:\Training Tools\Training Tools - dotNet 3.5\Code Samples\WPF\Demo_DataBinding\Backup\10-ProcessMonitor\Properties\Settings.settings">
</Event><Event ErrorLevel="0" Project="10-ProcessMonitor" Source="10-ProcessMonitor\Properties\Resources.resx" Description="File successfully backed up as D:\Training Tools\Training Tools - dotNet 3.5\Code Samples\WPF\Demo_DataBinding\Backup\10-ProcessMonitor\Properties\Resources.resx">
</Event><Event ErrorLevel="0" Project="10-ProcessMonitor" Source="10-ProcessMonitor\App.xaml" Description="File successfully backed up as D:\Training Tools\Training Tools - dotNet 3.5\Code Samples\WPF\Demo_DataBinding\Backup\10-ProcessMonitor\App.xaml">
</Event><Event ErrorLevel="0" Project="10-ProcessMonitor" Source="10-ProcessMonitor\Window1.xaml" Description="File successfully backed up as D:\Training Tools\Training Tools - dotNet 3.5\Code Samples\WPF\Demo_DataBinding\Backup\10-ProcessMonitor\Window1.xaml">
</Event><Event ErrorLevel="0" Project="10-ProcessMonitor" Source="10-ProcessMonitor\10-ProcessMonitor.csproj" Description="Project converted successfully">
</Event><Event ErrorLevel="3" Project="10-ProcessMonitor" Source="10-ProcessMonitor\10-ProcessMonitor.csproj" Description="Converted">
</Event><Event ErrorLevel="0" Project="11-BindingToCollections" Source="11-BindingToCollections\11-BindingToCollections.csproj" Description="Project file successfully backed up as D:\Training Tools\Training Tools - dotNet 3.5\Code Samples\WPF\Demo_DataBinding\Backup\11-BindingToCollections\11-BindingToCollections.csproj">
</Event><Event ErrorLevel="0" Project="11-BindingToCollections" Source="11-BindingToCollections\App.xaml.cs" Description="File successfully backed up as D:\Training Tools\Training Tools - dotNet 3.5\Code Samples\WPF\Demo_DataBinding\Backup\11-BindingToCollections\App.xaml.cs">
</Event><Event ErrorLevel="0" Project="11-BindingToCollections" Source="11-BindingToCollections\Window1.xaml.cs" Description="File successfully backed up as D:\Training Tools\Training Tools - dotNet 3.5\Code Samples\WPF\Demo_DataBinding\Backup\11-BindingToCollections\Window1.xaml.cs">
</Event><Event ErrorLevel="0" Project="11-BindingToCollections" Source="11-BindingToCollections\PeopleCollection.cs" Description="File successfully backed up as D:\Training Tools\Training Tools - dotNet 3.5\Code Samples\WPF\Demo_DataBinding\Backup\11-BindingToCollections\PeopleCollection.cs">
</Event><Event ErrorLevel="0" Project="11-BindingToCollections" Source="11-BindingToCollections\Properties\AssemblyInfo.cs" Description="File successfully backed up as D:\Training Tools\Training Tools - dotNet 3.5\Code Samples\WPF\Demo_DataBinding\Backup\11-BindingToCollections\Properties\AssemblyInfo.cs">
</Event><Event ErrorLevel="0" Project="11-BindingToCollections" Source="11-BindingToCollections\Properties\Resources.Designer.cs" Description="File successfully backed up as D:\Training Tools\Training Tools - dotNet 3.5\Code Samples\WPF\Demo_DataBinding\Backup\11-BindingToCollections\Properties\Resources.Designer.cs">
</Event><Event ErrorLevel="0" Project="11-BindingToCollections" Source="11-BindingToCollections\Properties\Settings.Designer.cs" Description="File successfully backed up as D:\Training Tools\Training Tools - dotNet 3.5\Code Samples\WPF\Demo_DataBinding\Backup\11-BindingToCollections\Properties\Settings.Designer.cs">
</Event><Event ErrorLevel="0" Project="11-BindingToCollections" Source="11-BindingToCollections\Properties\Settings.settings" Description="File successfully backed up as D:\Training Tools\Training Tools - dotNet 3.5\Code Samples\WPF\Demo_DataBinding\Backup\11-BindingToCollections\Properties\Settings.settings">
</Event><Event ErrorLevel="0" Project="11-BindingToCollections" Source="11-BindingToCollections\Properties\Resources.resx" Description="File successfully backed up as D:\Training Tools\Training Tools - dotNet 3.5\Code Samples\WPF\Demo_DataBinding\Backup\11-BindingToCollections\Properties\Resources.resx">
</Event><Event ErrorLevel="0" Project="11-BindingToCollections" Source="11-BindingToCollections\App.xaml" Description="File successfully backed up as D:\Training Tools\Training Tools - dotNet 3.5\Code Samples\WPF\Demo_DataBinding\Backup\11-BindingToCollections\App.xaml">
</Event><Event ErrorLevel="0" Project="11-BindingToCollections" Source="11-BindingToCollections\Window1.xaml" Description="File successfully backed up as D:\Training Tools\Training Tools - dotNet 3.5\Code Samples\WPF\Demo_DataBinding\Backup\11-BindingToCollections\Window1.xaml">
</Event><Event ErrorLevel="0" Project="11-BindingToCollections" Source="11-BindingToCollections\11-BindingToCollections.csproj" Description="Project converted successfully">
</Event><Event ErrorLevel="3" Project="11-BindingToCollections" Source="11-BindingToCollections\11-BindingToCollections.csproj" Description="Converted">
</Event><Event ErrorLevel="0" Project="12-ValueConversion" Source="12-ValueConversion\12-ValueConversion.csproj" Description="Project file successfully backed up as D:\Training Tools\Training Tools - dotNet 3.5\Code Samples\WPF\Demo_DataBinding\Backup\12-ValueConversion\12-ValueConversion.csproj">
</Event><Event ErrorLevel="0" Project="12-ValueConversion" Source="12-ValueConversion\App.xaml.cs" Description="File successfully backed up as D:\Training Tools\Training Tools - dotNet 3.5\Code Samples\WPF\Demo_DataBinding\Backup\12-ValueConversion\App.xaml.cs">
</Event><Event ErrorLevel="0" Project="12-ValueConversion" Source="12-ValueConversion\Window1.xaml.cs" Description="File successfully backed up as D:\Training Tools\Training Tools - dotNet 3.5\Code Samples\WPF\Demo_DataBinding\Backup\12-ValueConversion\Window1.xaml.cs">
</Event><Event ErrorLevel="0" Project="12-ValueConversion" Source="12-ValueConversion\MyData.cs" Description="File successfully backed up as D:\Training Tools\Training Tools - dotNet 3.5\Code Samples\WPF\Demo_DataBinding\Backup\12-ValueConversion\MyData.cs">
</Event><Event ErrorLevel="0" Project="12-ValueConversion" Source="12-ValueConversion\Product.cs" Description="File successfully backed up as D:\Training Tools\Training Tools - dotNet 3.5\Code Samples\WPF\Demo_DataBinding\Backup\12-ValueConversion\Product.cs">
</Event><Event ErrorLevel="0" Project="12-ValueConversion" Source="12-ValueConversion\Properties\AssemblyInfo.cs" Description="File successfully backed up as D:\Training Tools\Training Tools - dotNet 3.5\Code Samples\WPF\Demo_DataBinding\Backup\12-ValueConversion\Properties\AssemblyInfo.cs">
</Event><Event ErrorLevel="0" Project="12-ValueConversion" Source="12-ValueConversion\Properties\Resources.Designer.cs" Description="File successfully backed up as D:\Training Tools\Training Tools - dotNet 3.5\Code Samples\WPF\Demo_DataBinding\Backup\12-ValueConversion\Properties\Resources.Designer.cs">
</Event><Event ErrorLevel="0" Project="12-ValueConversion" Source="12-ValueConversion\Properties\Settings.Designer.cs" Description="File successfully backed up as D:\Training Tools\Training Tools - dotNet 3.5\Code Samples\WPF\Demo_DataBinding\Backup\12-ValueConversion\Properties\Settings.Designer.cs">
</Event><Event ErrorLevel="0" Project="12-ValueConversion" Source="12-ValueConversion\Window2.xaml.cs" Description="File successfully backed up as D:\Training Tools\Training Tools - dotNet 3.5\Code Samples\WPF\Demo_DataBinding\Backup\12-ValueConversion\Window2.xaml.cs">
</Event><Event ErrorLevel="0" Project="12-ValueConversion" Source="12-ValueConversion\Properties\Settings.settings" Description="File successfully backed up as D:\Training Tools\Training Tools - dotNet 3.5\Code Samples\WPF\Demo_DataBinding\Backup\12-ValueConversion\Properties\Settings.settings">
</Event><Event ErrorLevel="0" Project="12-ValueConversion" Source="12-ValueConversion\Properties\Resources.resx" Description="File successfully backed up as D:\Training Tools\Training Tools - dotNet 3.5\Code Samples\WPF\Demo_DataBinding\Backup\12-ValueConversion\Properties\Resources.resx">
</Event><Event ErrorLevel="0" Project="12-ValueConversion" Source="12-ValueConversion\App.xaml" Description="File successfully backed up as D:\Training Tools\Training Tools - dotNet 3.5\Code Samples\WPF\Demo_DataBinding\Backup\12-ValueConversion\App.xaml">
</Event><Event ErrorLevel="0" Project="12-ValueConversion" Source="12-ValueConversion\Window1.xaml" Description="File successfully backed up as D:\Training Tools\Training Tools - dotNet 3.5\Code Samples\WPF\Demo_DataBinding\Backup\12-ValueConversion\Window1.xaml">
</Event><Event ErrorLevel="0" Project="12-ValueConversion" Source="12-ValueConversion\Window2.xaml" Description="File successfully backed up as D:\Training Tools\Training Tools - dotNet 3.5\Code Samples\WPF\Demo_DataBinding\Backup\12-ValueConversion\Window2.xaml">
</Event><Event ErrorLevel="0" Project="12-ValueConversion" Source="12-ValueConversion\12-ValueConversion.csproj" Description="Project converted successfully">
</Event><Event ErrorLevel="3" Project="12-ValueConversion" Source="12-ValueConversion\12-ValueConversion.csproj" Description="Converted">
</Event><Event ErrorLevel="0" Project="13-BindingValidation" Source="13-BindingValidation\13-BindingValidation.csproj" Description="Project file successfully backed up as D:\Training Tools\Training Tools - dotNet 3.5\Code Samples\WPF\Demo_DataBinding\Backup\13-BindingValidation\13-BindingValidation.csproj">
</Event><Event ErrorLevel="0" Project="13-BindingValidation" Source="13-BindingValidation\App.xaml.cs" Description="File successfully backed up as D:\Training Tools\Training Tools - dotNet 3.5\Code Samples\WPF\Demo_DataBinding\Backup\13-BindingValidation\App.xaml.cs">
</Event><Event ErrorLevel="0" Project="13-BindingValidation" Source="13-BindingValidation\Window1.xaml.cs" Description="File successfully backed up as D:\Training Tools\Training Tools - dotNet 3.5\Code Samples\WPF\Demo_DataBinding\Backup\13-BindingValidation\Window1.xaml.cs">
</Event><Event ErrorLevel="0" Project="13-BindingValidation" Source="13-BindingValidation\Person.cs" Description="File successfully backed up as D:\Training Tools\Training Tools - dotNet 3.5\Code Samples\WPF\Demo_DataBinding\Backup\13-BindingValidation\Person.cs">
</Event><Event ErrorLevel="0" Project="13-BindingValidation" Source="13-BindingValidation\Properties\AssemblyInfo.cs" Description="File successfully backed up as D:\Training Tools\Training Tools - dotNet 3.5\Code Samples\WPF\Demo_DataBinding\Backup\13-BindingValidation\Properties\AssemblyInfo.cs">
</Event><Event ErrorLevel="0" Project="13-BindingValidation" Source="13-BindingValidation\Properties\Resources.Designer.cs" Description="File successfully backed up as D:\Training Tools\Training Tools - dotNet 3.5\Code Samples\WPF\Demo_DataBinding\Backup\13-BindingValidation\Properties\Resources.Designer.cs">
</Event><Event ErrorLevel="0" Project="13-BindingValidation" Source="13-BindingValidation\Properties\Settings.Designer.cs" Description="File successfully backed up as D:\Training Tools\Training Tools - dotNet 3.5\Code Samples\WPF\Demo_DataBinding\Backup\13-BindingValidation\Properties\Settings.Designer.cs">
</Event><Event ErrorLevel="0" Project="13-BindingValidation" Source="13-BindingValidation\Properties\Settings.settings" Description="File successfully backed up as D:\Training Tools\Training Tools - dotNet 3.5\Code Samples\WPF\Demo_DataBinding\Backup\13-BindingValidation\Properties\Settings.settings">
</Event><Event ErrorLevel="0" Project="13-BindingValidation" Source="13-BindingValidation\Properties\Resources.resx" Description="File successfully backed up as D:\Training Tools\Training Tools - dotNet 3.5\Code Samples\WPF\Demo_DataBinding\Backup\13-BindingValidation\Properties\Resources.resx">
</Event><Event ErrorLevel="0" Project="13-BindingValidation" Source="13-BindingValidation\App.xaml" Description="File successfully backed up as D:\Training Tools\Training Tools - dotNet 3.5\Code Samples\WPF\Demo_DataBinding\Backup\13-BindingValidation\App.xaml">
</Event><Event ErrorLevel="0" Project="13-BindingValidation" Source="13-BindingValidation\Window1.xaml" Description="File successfully backed up as D:\Training Tools\Training Tools - dotNet 3.5\Code Samples\WPF\Demo_DataBinding\Backup\13-BindingValidation\Window1.xaml">
</Event><Event ErrorLevel="0" Project="13-BindingValidation" Source="13-BindingValidation\13-BindingValidation.csproj" Description="Project converted successfully">
</Event><Event ErrorLevel="3" Project="13-BindingValidation" Source="13-BindingValidation\13-BindingValidation.csproj" Description="Converted">
</Event><Event ErrorLevel="0" Project="14-SortingFiltering" Source="14-SortingFiltering\14-SortingFiltering.csproj" Description="Project file successfully backed up as D:\Training Tools\Training Tools - dotNet 3.5\Code Samples\WPF\Demo_DataBinding\Backup\14-SortingFiltering\14-SortingFiltering.csproj">
</Event><Event ErrorLevel="0" Project="14-SortingFiltering" Source="14-SortingFiltering\App.xaml.cs" Description="File successfully backed up as D:\Training Tools\Training Tools - dotNet 3.5\Code Samples\WPF\Demo_DataBinding\Backup\14-SortingFiltering\App.xaml.cs">
</Event><Event ErrorLevel="0" Project="14-SortingFiltering" Source="14-SortingFiltering\Window1.xaml.cs" Description="File successfully backed up as D:\Training Tools\Training Tools - dotNet 3.5\Code Samples\WPF\Demo_DataBinding\Backup\14-SortingFiltering\Window1.xaml.cs">
</Event><Event ErrorLevel="0" Project="14-SortingFiltering" Source="14-SortingFiltering\Properties\AssemblyInfo.cs" Description="File successfully backed up as D:\Training Tools\Training Tools - dotNet 3.5\Code Samples\WPF\Demo_DataBinding\Backup\14-SortingFiltering\Properties\AssemblyInfo.cs">
</Event><Event ErrorLevel="0" Project="14-SortingFiltering" Source="14-SortingFiltering\Properties\Resources.Designer.cs" Description="File successfully backed up as D:\Training Tools\Training Tools - dotNet 3.5\Code Samples\WPF\Demo_DataBinding\Backup\14-SortingFiltering\Properties\Resources.Designer.cs">
</Event><Event ErrorLevel="0" Project="14-SortingFiltering" Source="14-SortingFiltering\Properties\Settings.Designer.cs" Description="File successfully backed up as D:\Training Tools\Training Tools - dotNet 3.5\Code Samples\WPF\Demo_DataBinding\Backup\14-SortingFiltering\Properties\Settings.Designer.cs">
</Event><Event ErrorLevel="0" Project="14-SortingFiltering" Source="14-SortingFiltering\Properties\Settings.settings" Description="File successfully backed up as D:\Training Tools\Training Tools - dotNet 3.5\Code Samples\WPF\Demo_DataBinding\Backup\14-SortingFiltering\Properties\Settings.settings">
</Event><Event ErrorLevel="0" Project="14-SortingFiltering" Source="14-SortingFiltering\Properties\Resources.resx" Description="File successfully backed up as D:\Training Tools\Training Tools - dotNet 3.5\Code Samples\WPF\Demo_DataBinding\Backup\14-SortingFiltering\Properties\Resources.resx">
</Event><Event ErrorLevel="0" Project="14-SortingFiltering" Source="14-SortingFiltering\App.xaml" Description="File successfully backed up as D:\Training Tools\Training Tools - dotNet 3.5\Code Samples\WPF\Demo_DataBinding\Backup\14-SortingFiltering\App.xaml">
</Event><Event ErrorLevel="0" Project="14-SortingFiltering" Source="14-SortingFiltering\Window1.xaml" Description="File successfully backed up as D:\Training Tools\Training Tools - dotNet 3.5\Code Samples\WPF\Demo_DataBinding\Backup\14-SortingFiltering\Window1.xaml">
</Event><Event ErrorLevel="0" Project="14-SortingFiltering" Source="14-SortingFiltering\14-SortingFiltering.csproj" Description="Project converted successfully">
</Event><Event ErrorLevel="3" Project="14-SortingFiltering" Source="14-SortingFiltering\14-SortingFiltering.csproj" Description="Converted">
</Event><Event ErrorLevel="0" Project="CRUD-Operations" Source="CRUD-Operations\CRUD-Operations.csproj" Description="Project file successfully backed up as D:\Training Tools\Training Tools - dotNet 3.5\Code Samples\WPF\Demo_DataBinding\Backup\CRUD-Operations\CRUD-Operations.csproj">
</Event><Event ErrorLevel="0" Project="CRUD-Operations" Source="CRUD-Operations\App.xaml.cs" Description="File successfully backed up as D:\Training Tools\Training Tools - dotNet 3.5\Code Samples\WPF\Demo_DataBinding\Backup\CRUD-Operations\App.xaml.cs">
</Event><Event ErrorLevel="0" Project="CRUD-Operations" Source="CRUD-Operations\Window1.xaml.cs" Description="File successfully backed up as D:\Training Tools\Training Tools - dotNet 3.5\Code Samples\WPF\Demo_DataBinding\Backup\CRUD-Operations\Window1.xaml.cs">
</Event><Event ErrorLevel="0" Project="CRUD-Operations" Source="CRUD-Operations\NorthwindDataSet.Designer.cs" Description="File successfully backed up as D:\Training Tools\Training Tools - dotNet 3.5\Code Samples\WPF\Demo_DataBinding\Backup\CRUD-Operations\NorthwindDataSet.Designer.cs">
</Event><Event ErrorLevel="0" Project="CRUD-Operations" Source="CRUD-Operations\Properties\AssemblyInfo.cs" Description="File successfully backed up as D:\Training Tools\Training Tools - dotNet 3.5\Code Samples\WPF\Demo_DataBinding\Backup\CRUD-Operations\Properties\AssemblyInfo.cs">
</Event><Event ErrorLevel="0" Project="CRUD-Operations" Source="CRUD-Operations\Properties\Resources.Designer.cs" Description="File successfully backed up as D:\Training Tools\Training Tools - dotNet 3.5\Code Samples\WPF\Demo_DataBinding\Backup\CRUD-Operations\Properties\Resources.Designer.cs">
</Event><Event ErrorLevel="0" Project="CRUD-Operations" Source="CRUD-Operations\Properties\Settings.Designer.cs" Description="File successfully backed up as D:\Training Tools\Training Tools - dotNet 3.5\Code Samples\WPF\Demo_DataBinding\Backup\CRUD-Operations\Properties\Settings.Designer.cs">
</Event><Event ErrorLevel="0" Project="CRUD-Operations" Source="CRUD-Operations\app.config" Description="File successfully backed up as D:\Training Tools\Training Tools - dotNet 3.5\Code Samples\WPF\Demo_DataBinding\Backup\CRUD-Operations\app.config">
</Event><Event ErrorLevel="0" Project="CRUD-Operations" Source="CRUD-Operations\NorthwindDataSet.xsc" Description="File successfully backed up as D:\Training Tools\Training Tools - dotNet 3.5\Code Samples\WPF\Demo_DataBinding\Backup\CRUD-Operations\NorthwindDataSet.xsc">
</Event><Event ErrorLevel="0" Project="CRUD-Operations" Source="CRUD-Operations\NorthwindDataSet.xsd" Description="File successfully backed up as D:\Training Tools\Training Tools - dotNet 3.5\Code Samples\WPF\Demo_DataBinding\Backup\CRUD-Operations\NorthwindDataSet.xsd">
</Event><Event ErrorLevel="0" Project="CRUD-Operations" Source="CRUD-Operations\NorthwindDataSet.xss" Description="File successfully backed up as D:\Training Tools\Training Tools - dotNet 3.5\Code Samples\WPF\Demo_DataBinding\Backup\CRUD-Operations\NorthwindDataSet.xss">
</Event><Event ErrorLevel="0" Project="CRUD-Operations" Source="CRUD-Operations\Properties\Settings.settings" Description="File successfully backed up as D:\Training Tools\Training Tools - dotNet 3.5\Code Samples\WPF\Demo_DataBinding\Backup\CRUD-Operations\Properties\Settings.settings">
</Event><Event ErrorLevel="0" Project="CRUD-Operations" Source="CRUD-Operations\Properties\Resources.resx" Description="File successfully backed up as D:\Training Tools\Training Tools - dotNet 3.5\Code Samples\WPF\Demo_DataBinding\Backup\CRUD-Operations\Properties\Resources.resx">
</Event><Event ErrorLevel="0" Project="CRUD-Operations" Source="CRUD-Operations\App.xaml" Description="File successfully backed up as D:\Training Tools\Training Tools - dotNet 3.5\Code Samples\WPF\Demo_DataBinding\Backup\CRUD-Operations\App.xaml">
</Event><Event ErrorLevel="0" Project="CRUD-Operations" Source="CRUD-Operations\Window1.xaml" Description="File successfully backed up as D:\Training Tools\Training Tools - dotNet 3.5\Code Samples\WPF\Demo_DataBinding\Backup\CRUD-Operations\Window1.xaml">
</Event><Event ErrorLevel="0" Project="CRUD-Operations" Source="CRUD-Operations\CRUD-Operations.csproj" Description="Project converted successfully">
</Event><Event ErrorLevel="3" Project="CRUD-Operations" Source="CRUD-Operations\CRUD-Operations.csproj" Description="Converted">
</Event><Event ErrorLevel="0" Project="" Source="Demo_DataBinding.sln" Description="Solution converted successfully">
</Event><Event ErrorLevel="3" Project="" Source="Demo_DataBinding.sln" Description="Converted">
</Event><Event ErrorLevel="0" Project="03-OneWayDataBinding" Source="OneWayDataBinding\03-OneWayDataBinding.csproj" Description="Scan complete: Upgrade not required for project files.">
</Event><Event ErrorLevel="0" Project="04-TwoWayDataBinding" Source="TwoWayDataBinding\04-TwoWayDataBinding.csproj" Description="Scan complete: Upgrade not required for project files.">
</Event><Event ErrorLevel="0" Project="05-OneWayToSource" Source="OneWayToSource\05-OneWayToSource.csproj" Description="Scan complete: Upgrade not required for project files.">
</Event><Event ErrorLevel="0" Project="01-BindingInXAMLFile" Source="BindingInXAMLFile\01-BindingInXAMLFile.csproj" Description="Scan complete: Upgrade not required for project files.">
</Event><Event ErrorLevel="0" Project="02-BindingProgramaticaly" Source="BindingProgramaticaly\02-BindingProgramaticaly.csproj" Description="Scan complete: Upgrade not required for project files.">
</Event><Event ErrorLevel="0" Project="06-BindingToObject" Source="BindingToObject\06-BindingToObject.csproj" Description="Scan complete: Upgrade not required for project files.">
</Event><Event ErrorLevel="0" Project="09-BindingToDataBase" Source="BindingToDataBase\09-BindingToDataBase.csproj" Description="Scan complete: Upgrade not required for project files.">
</Event><Event ErrorLevel="0" Project="07-DataTemplate" Source="DataTemplate\07-DataTemplate.csproj" Description="Scan complete: Upgrade not required for project files.">
</Event><Event ErrorLevel="0" Project="08-XmlDataBindingEmployees" Source="XmlDataBindingEmployees\08-XmlDataBindingEmployees.csproj" Description="Scan complete: Upgrade not required for project files.">
</Event><Event ErrorLevel="0" Project="10-ProcessMonitor" Source="10-ProcessMonitor\10-ProcessMonitor.csproj" Description="Scan complete: Upgrade not required for project files.">
</Event><Event ErrorLevel="0" Project="11-BindingToCollections" Source="11-BindingToCollections\11-BindingToCollections.csproj" Description="Scan complete: Upgrade not required for project files.">
</Event><Event ErrorLevel="0" Project="12-ValueConversion" Source="12-ValueConversion\12-ValueConversion.csproj" Description="Scan complete: Upgrade not required for project files.">
</Event><Event ErrorLevel="0" Project="13-BindingValidation" Source="13-BindingValidation\13-BindingValidation.csproj" Description="Scan complete: Upgrade not required for project files.">
</Event><Event ErrorLevel="0" Project="14-SortingFiltering" Source="14-SortingFiltering\14-SortingFiltering.csproj" Description="Scan complete: Upgrade not required for project files.">
</Event><Event ErrorLevel="0" Project="CRUD-Operations" Source="CRUD-Operations\CRUD-Operations.csproj" Description="Scan complete: Upgrade not required for project files.">
</Event></UpgradeLog>